<?xml version="1.0" encoding="UTF-8" standalone="yes"?>
<manifest>
  <control namespace="LegalTrack" constructor="converttomatter" version="1.1.8" display-name-key="converttomatter" description-key="converttomatter description" control-type="standard" api-version="1.3.2">
    <property name="Name" display-name-key="Name_Display_Key" description-key="Name_Desc_Key" of-type="SingleLine.Text" usage="bound" required="true"/>
    <property name="buttonType" display-name-key="ButtonType_Display_Key" description-key="ButtonType_Desc_Key" of-type="Enum" usage="input" required="true">
      <value name="CompoundButtonCenter" display-name-key="CompoundButtonCenter_Display_Key" description-key="CompoundButtonCenter_Desc_Key">CompoundButtonCenter</value>
      <value name="CompoundButtonLeft" display-name-key="CompoundButtonLeft_Display_Key" description-key="CompoundButtonLeft_Desc_Key">CompoundButtonLeft</value>
      <value name="ButtonOnlyIcon" display-name-key="ButtonOnlyIcon_Display_Key" description-key="ButtonOnlyIcon_Desc_Key">ButtonOnlyIcon</value>
      <value name="NormalButton" display-name-key="NormalButton_Display_Key" description-key="NormalButton_Desc_Key">NormalButton</value>
    </property>
    <property name="buttonSize" display-name-key="ButtonSize_Display_Key" description-key="ButtonSize_Desc_Key" of-type="Enum" usage="input" required="true">
      <value name="Medium" display-name-key="Medium" description-key="Medium">Medium</value>
      <value name="Large" display-name-key="Large" description-key="Large">Large</value>
    </property>
    <property name="showButtonDescription" display-name-key="ShowButtonDescription" description-key="ShowButton_Display_Key_Desc_Key" of-type="Enum" usage="input" required="true">
      <value name="No" display-name-key="No" description-key="No" default="true">No</value>
      <value name="Yes" display-name-key="Yes" description-key="Yes">Yes</value>
    </property>
    <property name="ConvertToMatterButton" display-name-key="ConvertToMatter_Display_Key" description-key="" of-type="SingleLine.Text" usage="input" required="true"/>
    <property name="EntityRecordId" display-name-key="EntityRecordId_Display_Key" description-key="" of-type="SingleLine.Text" usage="input" required="true"/>
    <type-group name="allTypes">
      <type>SingleLine.Text</type>
      <type>SingleLine.TextArea</type>
      <type>SingleLine.URL</type>
      <type>SingleLine.Ticker</type>
      <type>SingleLine.Phone</type>
      <type>SingleLine.Email</type>
      <type>DateAndTime.DateAndTime</type>
      <type>DateAndTime.DateOnly</type>
      <type>OptionSet</type>
      <type>Multiple</type>
      <type>TwoOptions</type>
      <type>Whole.None</type>
      <type>Currency</type>
      <type>FP</type>
      <type>Decimal</type>
    </type-group>
    <resources>
      <code path="bundle.js" order="1"/>
      <css path="css/Buttons.css" order="1"/>
    </resources>
    <feature-usage>
      <uses-feature name="Device.captureAudio" required="true"/>
      <uses-feature name="Device.captureImage" required="true"/>
      <uses-feature name="Device.captureVideo" required="true"/>
      <uses-feature name="Device.getBarcodeValue" required="true"/>
      <uses-feature name="Device.getCurrentPosition" required="true"/>
      <uses-feature name="Device.pickFile" required="true"/>
      <uses-feature name="Utility" required="true"/>
      <uses-feature name="WebAPI" required="true"/>
    </feature-usage>
    <built-by name="pac" version="1.7.4"/>
  </control>
</manifest>